Workbook

Sheet Raw Responses
A1: AgriKA-GIS — UAT Raw Responses
A2: Scale: 4 = Strongly Agree · 3 = Agree · 2 = Disagree · 1 = Strongly Disagree. Enter one row per respondent (blue cells). Add Cabuyao rows below R08 — all summaries update automatically.
A3: Respondent | B3: Office / City | C3: FS1 | D3: FS2 | E3: FS3 | F3: PE1 | G3: PE2 | H3: US1 | I3: US2 | J3: US3 | K3: RE1 | L3: RE2 | M3: SE1 | N3: SE2 | O3: MA1 | P3: MA2 | Q3: Row Total
A4: R01 | B4: Biñan | C4: 4 | D4: 4 | E4: 4 | F4: 4 | G4: 4 | H4: 4 | I4: 4 | J4: 4 | K4: 4 | L4: 4 | M4: 4 | N4: 4 | O4: 4 | P4: 4 | Q4: =IF(COUNT(C4:P4)=14,SUM(C4:P4),"") -> 56
A5: R02 | B5: Santa Rosa | C5: 4 | D5: 4 | E5: 4 | F5: 4 | G5: 4 | H5: 4 | I5: 4 | J5: 4 | K5: 4 | L5: 4 | M5: 4 | N5: 4 | O5: 4 | P5: 4 | Q5: =IF(COUNT(C5:P5)=14,SUM(C5:P5),"") -> 56
A6: R03 | B6: Santa Rosa | C6: 4 | D6: 4 | E6: 4 | F6: 4 | G6: 4 | H6: 4 | I6: 4 | J6: 4 | K6: 4 | L6: 4 | M6: 4 | N6: 4 | O6: 4 | P6: 4 | Q6: =IF(COUNT(C6:P6)=14,SUM(C6:P6),"") -> 56
A7: R04 | B7: Santa Rosa | C7: 4 | D7: 4 | E7: 4 | F7: 4 | G7: 4 | H7: 4 | I7: 4 | J7: 4 | K7: 4 | L7: 4 | M7: 4 | N7: 4 | O7: 4 | P7: 4 | Q7: =IF(COUNT(C7:P7)=14,SUM(C7:P7),"") -> 56
A8: R05 | B8: Santa Rosa | C8: 4 | D8: 4 | E8: 4 | F8: 4 | G8: 4 | H8: 4 | I8: 4 | J8: 4 | K8: 4 | L8: 4 | M8: 4 | N8: 4 | O8: 4 | P8: 4 | Q8: =IF(COUNT(C8:P8)=14,SUM(C8:P8),"") -> 56
A9: R06 | B9: Calamba | C9: 3 | D9: 4 | E9: 4 | F9: 4 | G9: 4 | H9: 4 | I9: 4 | J9: 4 | K9: 4 | L9: 4 | M9: 4 | N9: 4 | O9: 4 | P9: 4 | Q9: =IF(COUNT(C9:P9)=14,SUM(C9:P9),"") -> 55
A10: R07 | B10: Calamba | C10: 3 | D10: 4 | E10: 4 | F10: 4 | G10: 4 | H10: 4 | I10: 4 | J10: 4 | K10: 4 | L10: 4 | M10: 4 | N10: 4 | O10: 4 | P10: 4 | Q10: =IF(COUNT(C10:P10)=14,SUM(C10:P10),"") -> 55
A11: R08 | B11: Calamba | C11: 4 | D11: 4 | E11: 4 | F11: 4 | G11: 4 | H11: 4 | I11: 4 | J11: 4 | K11: 4 | L11: 4 | M11: 4 | N11: 4 | O11: 4 | P11: 3 | Q11: =IF(COUNT(C11:P11)=14,SUM(C11:P11),"") -> 55
Q12: =IF(COUNT(C12:P12)=14,SUM(C12:P12),"")
Q13: =IF(COUNT(C13:P13)=14,SUM(C13:P13),"")
Q14: =IF(COUNT(C14:P14)=14,SUM(C14:P14),"")
Q15: =IF(COUNT(C15:P15)=14,SUM(C15:P15),"")
Q16: =IF(COUNT(C16:P16)=14,SUM(C16:P16),"")
Q17: =IF(COUNT(C17:P17)=14,SUM(C17:P17),"")
Q18: =IF(COUNT(C18:P18)=14,SUM(C18:P18),"")
Q19: =IF(COUNT(C19:P19)=14,SUM(C19:P19),"")
Q20: =IF(COUNT(C20:P20)=14,SUM(C20:P20),"")
Q21: =IF(COUNT(C21:P21)=14,SUM(C21:P21),"")
Q22: =IF(COUNT(C22:P22)=14,SUM(C22:P22),"")
Q23: =IF(COUNT(C23:P23)=14,SUM(C23:P23),"")
... Q61: =IF(COUNT(C61:P61)=14,SUM(C61:P61),"")

Sheet Item Summary
A1: Per-Item Summary (frequency, percentage, weighted mean, SD)
A3: Code | B3: Characteristic | C3: Item Statement | D3: n | E3: SA (4) | F3: A (3) | G3: D (2) | H3: SD (1) | I3: % SA | J3: Weighted Mean | K3: SD
A4: FS1 | B4: Functional Suitability | C4: The system correctly displays rice yield data and rankings for the year and season I select. | D4: =COUNT('Raw Responses'!C4:C61) -> 8 | E4: =COUNTIF('Raw Responses'!C4:C61,4) -> 6 | F4: =COUNTIF('Raw Responses'!C4:C61,3) -> 2 | G4: =COUNTIF('Raw Responses'!C4:C61,2) -> 0 | H4: =COUNTIF('Raw Responses'!C4:C61,1) -> 0 | I4: =IFERROR(E4/D4,"") -> 0.75 | J4: =IFERROR(AVERAGE('Raw Responses'!C4:C61),"") -> 3.75 | K4: =IFERROR(STDEV('Raw Responses'!C4:C61),"") -> 0.46291005
A5: FS2 | B5: Functional Suitability | C5: The map accurately shows Laguna municipalities and drills down to the barangays. | D5: =COUNT('Raw Responses'!D4:D61) -> 8 | E5: =COUNTIF('Raw Responses'!D4:D61,4) -> 8 | F5: =COUNTIF('Raw Responses'!D4:D61,3) -> 0 | G5: =COUNTIF('Raw Responses'!D4:D61,2) -> 0 | H5: =COUNTIF('Raw Responses'!D4:D61,1) -> 0 | I5: =IFERROR(E5/D5,"") -> 1 | J5: =IFERROR(AVERAGE('Raw Responses'!D4:D61),"") -> 4 | K5: =IFERROR(STDEV('Raw Responses'!D4:D61),"") -> 0
A6: FS3 | B6: Functional Suitability | C6: The system produces the reports and data exports I need for my work. | D6: =COUNT('Raw Responses'!E4:E61) -> 8 | E6: =COUNTIF('Raw Responses'!E4:E61,4) -> 8 | F6: =COUNTIF('Raw Responses'!E4:E61,3) -> 0 | G6: =COUNTIF('Raw Responses'!E4:E61,2) -> 0 | H6: =COUNTIF('Raw Responses'!E4:E61,1) -> 0 | I6: =IFERROR(E6/D6,"") -> 1 | J6: =IFERROR(AVERAGE('Raw Responses'!E4:E61),"") -> 4 | K6: =IFERROR(STDEV('Raw Responses'!E4:E61),"") -> 0
A7: PE1 | B7: Performance Efficiency | C7: Pages and maps load within an acceptable amount of time. | D7: =COUNT('Raw Responses'!F4:F61) -> 8 | E7: =COUNTIF('Raw Responses'!F4:F61,4) -> 8 | F7: =COUNTIF('Raw Responses'!F4:F61,3) -> 0 | G7: =COUNTIF('Raw Responses'!F4:F61,2) -> 0 | H7: =COUNTIF('Raw Responses'!F4:F61,1) -> 0 | I7: =IFERROR(E7/D7,"") -> 1 | J7: =IFERROR(AVERAGE('Raw Responses'!F4:F61),"") -> 4 | K7: =IFERROR(STDEV('Raw Responses'!F4:F61),"") -> 0
A8: PE2 | B8: Performance Efficiency | C8: The system responds quickly when I change filters or move between modules. | D8: =COUNT('Raw Responses'!G4:G61) -> 8 | E8: =COUNTIF('Raw Responses'!G4:G61,4) -> 8 | F8: =COUNTIF('Raw Responses'!G4:G61,3) -> 0 | G8: =COUNTIF('Raw Responses'!G4:G61,2) -> 0 | H8: =COUNTIF('Raw Responses'!G4:G61,1) -> 0 | I8: =IFERROR(E8/D8,"") -> 1 | J8: =IFERROR(AVERAGE('Raw Responses'!G4:G61),"") -> 4 | K8: =IFERROR(STDEV('Raw Responses'!G4:G61),"") -> 0
A9: US1 | B9: Usability | C9: The system is easy to navigate and understand. | D9: =COUNT('Raw Responses'!H4:H61) -> 8 | E9: =COUNTIF('Raw Responses'!H4:H61,4) -> 8 | F9: =COUNTIF('Raw Responses'!H4:H61,3) -> 0 | G9: =COUNTIF('Raw Responses'!H4:H61,2) -> 0 | H9: =COUNTIF('Raw Responses'!H4:H61,1) -> 0 | I9: =IFERROR(E9/D9,"") -> 1 | J9: =IFERROR(AVERAGE('Raw Responses'!H4:H61),"") -> 4 | K9: =IFERROR(STDEV('Raw Responses'!H4:H61),"") -> 0
A10: US2 | B10: Usability | C10: Labels, menus, maps, and legends are clear and readable. | D10: =COUNT('Raw Responses'!I4:I61) -> 8 | E10: =COUNTIF('Raw Responses'!I4:I61,4) -> 8 | F10: =COUNTIF('Raw Responses'!I4:I61,3) -> 0 | G10: =COUNTIF('Raw Responses'!I4:I61,2) -> 0 | H10: =COUNTIF('Raw Responses'!I4:I61,1) -> 0 | I10: =IFERROR(E10/D10,"") -> 1 | J10: =IFERROR(AVERAGE('Raw Responses'!I4:I61),"") -> 4 | K10: =IFERROR(STDEV('Raw Responses'!I4:I61),"") -> 0
A11: US3 | B11: Usability | C11: I can complete my tasks with little or no assistance. | D11: =COUNT('Raw Responses'!J4:J61) -> 8 | E11: =COUNTIF('Raw Responses'!J4:J61,4) -> 8 | F11: =COUNTIF('Raw Responses'!J4:J61,3) -> 0 | G11: =COUNTIF('Raw Responses'!J4:J61,2) -> 0 | H11: =COUNTIF('Raw Responses'!J4:J61,1) -> 0 | I11: =IFERROR(E11/D11,"") -> 1 | J11: =IFERROR(AVERAGE('Raw Responses'!J4:J61),"") -> 4 | K11: =IFERROR(STDEV('Raw Responses'!J4:J61),"") -> 0
A12: RE1 | B12: Reliability | C12: The system works consistently without crashing or showing errors. | D12: =COUNT('Raw Responses'!K4:K61) -> 8 | E12: =COUNTIF('Raw Responses'!K4:K61,4) -> 8 | F12: =COUNTIF('Raw Responses'!K4:K61,3) -> 0 | G12: =COUNTIF('Raw Responses'!K4:K61,2) -> 0 | H12: =COUNTIF('Raw Responses'!K4:K61,1) -> 0 | I12: =IFERROR(E12/D12,"") -> 1 | J12: =IFERROR(AVERAGE('Raw Responses'!K4:K61),"") -> 4 | K12: =IFERROR(STDEV('Raw Responses'!K4:K61),"") -> 0
A13: RE2 | B13: Reliability | C13: My session and data are restored correctly after I refresh or log in again. | D13: =COUNT('Raw Responses'!L4:L61) -> 8 | E13: =COUNTIF('Raw Responses'!L4:L61,4) -> 8 | F13: =COUNTIF('Raw Responses'!L4:L61,3) -> 0 | G13: =COUNTIF('Raw Responses'!L4:L61,2) -> 0 | H13: =COUNTIF('Raw Responses'!L4:L61,1) -> 0 | I13: =IFERROR(E13/D13,"") -> 1 | J13: =IFERROR(AVERAGE('Raw Responses'!L4:L61),"") -> 4 | K13: =IFERROR(STDEV('Raw Responses'!L4:L61),"") -> 0
A14: SE1 | B14: Security | C14: The system requires proper login and limits what I can access based on my role. | D14: =COUNT('Raw Responses'!M4:M61) -> 8 | E14: =COUNTIF('Raw Responses'!M4:M61,4) -> 8 | F14: =COUNTIF('Raw Responses'!M4:M61,3) -> 0 | G14: =COUNTIF('Raw Responses'!M4:M61,2) -> 0 | H14: =COUNTIF('Raw Responses'!M4:M61,1) -> 0 | I14: =IFERROR(E14/D14,"") -> 1 | J14: =IFERROR(AVERAGE('Raw Responses'!M4:M61),"") -> 4 | K14: =IFERROR(STDEV('Raw Responses'!M4:M61),"") -> 0
A15: SE2 | B15: Security | C15: I am confident that the system keeps its data and user access secure. | D15: =COUNT('Raw Responses'!N4:N61) -> 8 | E15: =COUNTIF('Raw Responses'!N4:N61,4) -> 8 | F15: =COUNTIF('Raw Responses'!N4:N61,3) -> 0 | G15: =COUNTIF('Raw Responses'!N4:N61,2) -> 0 | H15: =COUNTIF('Raw Responses'!N4:N61,1) -> 0 | I15: =IFERROR(E15/D15,"") -> 1 | J15: =IFERROR(AVERAGE('Raw Responses'!N4:N61),"") -> 4 | K15: =IFERROR(STDEV('Raw Responses'!N4:N61),"") -> 0
A16: MA1 | B16: Maintainability | C16: Yield records and data can be updated or imported without difficulty. | D16: =COUNT('Raw Responses'!O4:O61) -> 8 | E16: =COUNTIF('Raw Responses'!O4:O61,4) -> 8 | F16: =COUNTIF('Raw Responses'!O4:O61,3) -> 0 | G16: =COUNTIF('Raw Responses'!O4:O61,2) -> 0 | H16: =COUNTIF('Raw Responses'!O4:O61,1) -> 0 | I16: =IFERROR(E16/D16,"") -> 1 | J16: =IFERROR(AVERAGE('Raw Responses'!O4:O61),"") -> 4 | K16: =IFERROR(STDEV('Raw Responses'!O4:O61),"") -> 0
A17: MA2 | B17: Maintainability | C17: Keeping the system current with new data seems manageable. | D17: =COUNT('Raw Responses'!P4:P61) -> 8 | E17: =COUNTIF('Raw Responses'!P4:P61,4) -> 7 | F17: =COUNTIF('Raw Responses'!P4:P61,3) -> 1 | G17: =COUNTIF('Raw Responses'!P4:P61,2) -> 0 | H17: =COUNTIF('Raw Responses'!P4:P61,1) -> 0 | I17: =IFERROR(E17/D17,"") -> 0.875 | J17: =IFERROR(AVERAGE('Raw Responses'!P4:P61),"") -> 3.875 | K17: =IFERROR(STDEV('Raw Responses'!P4:P61),"") -> 0.35355339

Sheet Summary (Appendix)
A1: Table 28. Summary of UAT Results by Quality Characteristic
A2: ISO/IEC 25010 · 4-point scale · respondents under total enumeration. Auto-computed from the Raw Responses sheet.
A3: Quality Characteristic | B3: No. of Items | C3: n (responses) | D3: SA (4) | E3: A (3) | F3: D (2) | G3: SD (1) | H3: Weighted Mean | I3: SD | J3: Interpretation
A4: Functional Suitability | B4: 3 | C4: =COUNT('Raw Responses'!C4:E61) -> 24 | D4: =COUNTIF('Raw Responses'!C4:E61,4) -> 22 | E4: =COUNTIF('Raw Responses'!C4:E61,3) -> 2 | F4: =COUNTIF('Raw Responses'!C4:E61,2) -> 0 | G4: =COUNTIF('Raw Responses'!C4:E61,1) -> 0 | H4: =IFERROR(AVERAGE('Raw Responses'!C4:E61),"") -> 3.9166667 | I4: =IFERROR(STDEV('Raw Responses'!C4:E61),"") -> 0.28232985 | J4: =IFERROR(IF(H4>=3.26,"Strongly Agree",IF(H4>=2.51,"Agree",IF(H4>=1.76,"Disagree","Strongly Disagree"))),"") -> Strongly Agree
A5: Performance Efficiency | B5: 2 | C5: =COUNT('Raw Responses'!F4:G61) -> 16 | D5: =COUNTIF('Raw Responses'!F4:G61,4) -> 16 | E5: =COUNTIF('Raw Responses'!F4:G61,3) -> 0 | F5: =COUNTIF('Raw Responses'!F4:G61,2) -> 0 | G5: =COUNTIF('Raw Responses'!F4:G61,1) -> 0 | H5: =IFERROR(AVERAGE('Raw Responses'!F4:G61),"") -> 4 | I5: =IFERROR(STDEV('Raw Responses'!F4:G61),"") -> 0 | J5: =IFERROR(IF(H5>=3.26,"Strongly Agree",IF(H5>=2.51,"Agree",IF(H5>=1.76,"Disagree","Strongly Disagree"))),"") -> Strongly Agree
A6: Usability | B6: 3 | C6: =COUNT('Raw Responses'!H4:J61) -> 24 | D6: =COUNTIF('Raw Responses'!H4:J61,4) -> 24 | E6: =COUNTIF('Raw Responses'!H4:J61,3) -> 0 | F6: =COUNTIF('Raw Responses'!H4:J61,2) -> 0 | G6: =COUNTIF('Raw Responses'!H4:J61,1) -> 0 | H6: =IFERROR(AVERAGE('Raw Responses'!H4:J61),"") -> 4 | I6: =IFERROR(STDEV('Raw Responses'!H4:J61),"") -> 0 | J6: =IFERROR(IF(H6>=3.26,"Strongly Agree",IF(H6>=2.51,"Agree",IF(H6>=1.76,"Disagree","Strongly Disagree"))),"") -> Strongly Agree
A7: Reliability | B7: 2 | C7: =COUNT('Raw Responses'!K4:L61) -> 16 | D7: =COUNTIF('Raw Responses'!K4:L61,4) -> 16 | E7: =COUNTIF('Raw Responses'!K4:L61,3) -> 0 | F7: =COUNTIF('Raw Responses'!K4:L61,2) -> 0 | G7: =COUNTIF('Raw Responses'!K4:L61,1) -> 0 | H7: =IFERROR(AVERAGE('Raw Responses'!K4:L61),"") -> 4 | I7: =IFERROR(STDEV('Raw Responses'!K4:L61),"") -> 0 | J7: =IFERROR(IF(H7>=3.26,"Strongly Agree",IF(H7>=2.51,"Agree",IF(H7>=1.76,"Disagree","Strongly Disagree"))),"") -> Strongly Agree
A8: Security | B8: 2 | C8: =COUNT('Raw Responses'!M4:N61) -> 16 | D8: =COUNTIF('Raw Responses'!M4:N61,4) -> 16 | E8: =COUNTIF('Raw Responses'!M4:N61,3) -> 0 | F8: =COUNTIF('Raw Responses'!M4:N61,2) -> 0 | G8: =COUNTIF('Raw Responses'!M4:N61,1) -> 0 | H8: =IFERROR(AVERAGE('Raw Responses'!M4:N61),"") -> 4 | I8: =IFERROR(STDEV('Raw Responses'!M4:N61),"") -> 0 | J8: =IFERROR(IF(H8>=3.26,"Strongly Agree",IF(H8>=2.51,"Agree",IF(H8>=1.76,"Disagree","Strongly Disagree"))),"") -> Strongly Agree
A9: Maintainability | B9: 2 | C9: =COUNT('Raw Responses'!O4:P61) -> 16 | D9: =COUNTIF('Raw Responses'!O4:P61,4) -> 15 | E9: =COUNTIF('Raw Responses'!O4:P61,3) -> 1 | F9: =COUNTIF('Raw Responses'!O4:P61,2) -> 0 | G9: =COUNTIF('Raw Responses'!O4:P61,1) -> 0 | H9: =IFERROR(AVERAGE('Raw Responses'!O4:P61),"") -> 3.9375 | I9: =IFERROR(STDEV('Raw Responses'!O4:P61),"") -> 0.25 | J9: =IFERROR(IF(H9>=3.26,"Strongly Agree",IF(H9>=2.51,"Agree",IF(H9>=1.76,"Disagree","Strongly Disagree"))),"") -> Strongly Agree
A10: Overall | B10: 14 | C10: =COUNT('Raw Responses'!C4:P61) -> 112 | D10: =COUNTIF('Raw Responses'!C4:P61,4) -> 109 | E10: =COUNTIF('Raw Responses'!C4:P61,3) -> 3 | F10: =COUNTIF('Raw Responses'!C4:P61,2) -> 0 | G10: =COUNTIF('Raw Responses'!C4:P61,1) -> 0 | H10: =IFERROR(AVERAGE('Raw Responses'!C4:P61),"") -> 3.9732143 | I10: =IFERROR(STDEV('Raw Responses'!C4:P61),"") -> 0.16218227 | J10: =IFERROR(IF(H10>=3.26,"Strongly Agree",IF(H10>=2.51,"Agree",IF(H10>=1.76,"Disagree","Strongly Disagree"))),"") -> Strongly Agree
A11: =IFERROR("FINAL UAT SCORE → Overall Weighted Mean "&TEXT(H10,"0.00")&" / 4.00 ("&J10&") • "&TEXT(C10,"0")&" responses","") -> FINAL UAT SCORE → Overall Weighted Mean 3.97 / 4.00 (Strongly Agree) • 112 responses
A12: Interpretation scale (Table 6): 3.26–4.00 Strongly Agree · 2.51–3.25 Agree · 1.76–2.50 Disagree · 1.00–1.75 Strongly Disagree.
A14: Overall Weighted Mean by Office
A15: Office / City | B15: Respondents | C15: Weighted Mean | D15: Interpretation
A16: Biñan | B16: =COUNTIF('Raw Responses'!B4:B61,"Biñan") -> 1 | C16: =IFERROR(SUMIF('Raw Responses'!B4:B61,"Biñan",'Raw Responses'!Q4:Q61)/(COUNTIF('Raw Responses'!B4:B61,"Biñan")*14),"") -> 4 | D16: =IFERROR(IF(C16>=3.26,"Strongly Agree",IF(C16>=2.51,"Agree",IF(C16>=1.76,"Disagree","Strongly Disagree"))),"") -> Strongly Agree
A17: Santa Rosa | B17: =COUNTIF('Raw Responses'!B4:B61,"Santa Rosa") -> 4 | C17: =IFERROR(SUMIF('Raw Responses'!B4:B61,"Santa Rosa",'Raw Responses'!Q4:Q61)/(COUNTIF('Raw Responses'!B4:B61,"Santa Rosa")*14),"") -> 4 | D17: =IFERROR(IF(C17>=3.26,"Strongly Agree",IF(C17>=2.51,"Agree",IF(C17>=1.76,"Disagree","Strongly Disagree"))),"") -> Strongly Agree
A18: Calamba | B18: =COUNTIF('Raw Responses'!B4:B61,"Calamba") -> 3 | C18: =IFERROR(SUMIF('Raw Responses'!B4:B61,"Calamba",'Raw Responses'!Q4:Q61)/(COUNTIF('Raw Responses'!B4:B61,"Calamba")*14),"") -> 3.9285714 | D18: =IFERROR(IF(C18>=3.26,"Strongly Agree",IF(C18>=2.51,"Agree",IF(C18>=1.76,"Disagree","Strongly Disagree"))),"") -> Strongly Agree
A19: Cabuyao | B19: =COUNTIF('Raw Responses'!B4:B61,"Cabuyao") -> 0 | C19: =IFERROR(SUMIF('Raw Responses'!B4:B61,"Cabuyao",'Raw Responses'!Q4:Q61)/(COUNTIF('Raw Responses'!B4:B61,"Cabuyao")*14),"") | D19: =IFERROR(IF(C19>=3.26,"Strongly Agree",IF(C19>=2.51,"Agree",IF(C19>=1.76,"Disagree","Strongly Disagree"))),"") -> Strongly Agree

Sheet Reliability
A1: Cronbach's Alpha (internal consistency)
A3: Item | B3: Variance
A4: FS1 | B4: =IFERROR(VAR('Raw Responses'!C4:C61),0) -> 0.21428571
A5: FS2 | B5: =IFERROR(VAR('Raw Responses'!D4:D61),0) -> 0
A6: FS3 | B6: =IFERROR(VAR('Raw Responses'!E4:E61),0) -> 0
A7: PE1 | B7: =IFERROR(VAR('Raw Responses'!F4:F61),0) -> 0
A8: PE2 | B8: =IFERROR(VAR('Raw Responses'!G4:G61),0) -> 0
A9: US1 | B9: =IFERROR(VAR('Raw Responses'!H4:H61),0) -> 0
A10: US2 | B10: =IFERROR(VAR('Raw Responses'!I4:I61),0) -> 0
A11: US3 | B11: =IFERROR(VAR('Raw Responses'!J4:J61),0) -> 0
A12: RE1 | B12: =IFERROR(VAR('Raw Responses'!K4:K61),0) -> 0
A13: RE2 | B13: =IFERROR(VAR('Raw Responses'!L4:L61),0) -> 0
A14: SE1 | B14: =IFERROR(VAR('Raw Responses'!M4:M61),0) -> 0
A15: SE2 | B15: =IFERROR(VAR('Raw Responses'!N4:N61),0) -> 0
A16: MA1 | B16: =IFERROR(VAR('Raw Responses'!O4:O61),0) -> 0
A17: MA2 | B17: =IFERROR(VAR('Raw Responses'!P4:P61),0) -> 0.125
A19: k (number of items) | B19: =14 -> 14
A20: Sum of item variances | B20: =SUM(B4:B17) -> 0.33928571
A21: Variance of total scores | B21: =IFERROR(VAR('Raw Responses'!Q4:Q61),0) -> 0.26785714
A22: Cronbach's α | B22: =IFERROR((14/13)*(1-B20/B21),"") -> -0.28717949
A24: Note: α ≥ 0.70 is acceptable (Taber, 2018); the previous AgriKA study reported 0.8442. With the current near-unanimous “Strongly Agree” responses there is almost no variance, so α is not yet meaningful (it can even be negative). It becomes interpretable once more varied responses (e.g., Cabuyao) are added.

Sheet Key & Notes
A1: Legend & Data-Entry Guide
A3: Topic | B3: Detail
A4: Scale | B4: 4 = Strongly Agree, 3 = Agree, 2 = Disagree, 1 = Strongly Disagree
A5: Where to type | B5: Raw Responses sheet, blue cells only. One row = one respondent.
A6: Adding Cabuyao | B6: Type new rows below R08 (rows are pre-formatted to row 61). Put 'Cabuyao' in the Office column.
A7: Auto-calculation | B7: Item Summary, Summary (Appendix), and Reliability recalculate automatically.
A8: Current data | B8: 8 respondents: Biñan 1, Santa Rosa 4, Calamba 3. Five all-Strongly-Agree; three Calamba papers each have one 'Agree' (FS1 x2, MA2 x1).
A9: Assumption to verify | B9: The three 'Agree' marks were placed on the three Calamba respondents. Move them if your actual questionnaires differ — aggregate results are unaffected by which respondent, only per-office is.
A11: Item codes | B11: Statement
A12: FS1 – Functional Suitability | B12: The system correctly displays rice yield data and rankings for the year and season I select.
A13: FS2 – Functional Suitability | B13: The map accurately shows Laguna municipalities and drills down to the barangays.
A14: FS3 – Functional Suitability | B14: The system produces the reports and data exports I need for my work.
A15: PE1 – Performance Efficiency | B15: Pages and maps load within an acceptable amount of time.
... A25: MA2 – Maintainability | B25: Keeping the system current with new data seems manageable.
